No,Resto,Lokasi,Nama Reviewer,Gender,Rating,Review
1,Bakmie yamin noni,Komplek bojong malaka indah Blok G 8 No.67,MV D,L,4,Best yamin .. enak mie ny kenyal basonya jg mantap ..
2,,,Maudy Pavita,P,5,Sambel yamin nya asli pedo! Deket rumah harga cuman 15rban! Recomended laaahh
3,,,Olivia V Dhubyan,P,4,"Enak, pengiriman cepat! Yang masaknya ganteng... waw wawww"
4,,,Ananda T Maharani,P,3,Bakmie nya enak banget!!! Apalagi pangsitnya!!
5,,,Putra Dhubyan,L,5,enak banget!
6,Bakmie Kriting Bangka Hokky,Jl. Mekar Utama No.106,Surjedi Pratawidjaja,L,3,Nice noodles with appropriate price
7,,,Myshop Martin,L,4,"Good, Delicious"
8,,,Willyem Onggo,L,1,Food quality is declining
9,,,Helena Silvy,P,4,Delicious Noodles
10,,,Deosdino Chrisna,P,5,"Authentic mie bangka, with homemade noddle, sweet & savory chicken topping, fine brooth. Try the es jeruk kunci will completely your meal here."
11,Mie 123,Jl. Emong No.4 ,Stephanus Ste,L,4,"They have a very good bakso goreng. Almost all the food here tastes great. I love the baso goreng, siomay, and of course yamien. Very suitable for family."
12,,,James C,L,3,"Good place to eat noodles, especially chinese noodle (Yamien). Wide variety of noodles provided with various side dish such as wonton soup, siomay, meatball, etc. Clean and wide bathroom makes us comfortable to use it. Unfortunately there is so many customers, hence it feels little bit crowded. Parking space is not that wide and maybe only consist of 5-6 cars"
13,,,Meisya Nabilla Puspita,P,5,yesterday i tried mie yamin asin because it was a rainy day and the taste is really good! u should try these too!ğŸ¤
14,,,Hendra wiraatmaja,L,4,"Very crowded resto if you lunch here, the place is small, but worth to wait, it have best yamien in town. Taste is delicious.. try it and you will come back again.."
15,,,Felicia Catlin ,P,3,It's really good!! The place is a bit shabby and all but the taste is just top notch. My favorite is 'yamien manis' as it tastes really rich for me!!
16,BAKMIE 96 PALASARI,JL. PALASARI NO.32,M. Gardea ,L,4,"Obviously this is one of the best bakmie in town, taste was perfectly balance! Baso Goreng and Kuotie are top notch"
17,,,Maudy M,P,3,"Bakmie paling enak di bdg!ğŸ«¶ğŸ»ğŸ«¶ğŸ»ğŸ«¶ğŸ» mie nya lembut, baso nya kesukaan aku bgt, mana ayam nya ga pelit jugaaağŸ˜­ğŸ¤¤ +tempatnya bersih jadi bikin nyaman hihi"
18,,,Gita Pratiwi,P,5,"Spacenya lebih besar, ada indoor yg kids friendly karena adem ber ac ğŸ’¯ bakmie, baso goreng dan semuanya enak!!!"
19,,,Shelly Octaviani,P,2,enak.. tapi biasa aja.. ğŸ™‚
20,,,Wuri Woori,P,4,Tempatnya agak kecil.
21,Bakmie Karet,Jl. Natuna No. 9,Rayza,L,3,"The food was amazing but the service was a big no no. The waitress had a great convo with another staffs loudly. We had to wait sooooo long for a bottle of sarsaparila, it came after our noodle almost finished. We also found insects inside our cups of teas."
22,,,Agus Wiwanto,L,2,"Actually I do not really want to come because I do not really like thick noodles but they provide the thin noodles too. Tastewise, the noodles, the pangsit basah (dumpling) and the baso goreng (fried meat ball) are above the average but I prefer pangsit goreng (fried dumpling) from more famous noodle chains. Their yamien asin (salty) is better than their yamien manis (sweet). I think it is because I do not really like their choice of kecap manis (indonesia sweet soya sauce)."
23,,,Julia Daniel,P,3,"I usually ate Bakmie Karet at jl cibadak, this is the first time i eat at jl natuna, the taste as good as always."
24,,,Petrus Edi,L,4,Pork and no pork noodle. Nice to try.
25,,,Valeria Adeline,P,5,I always love Bakmie Karet and this new location is very close to my house. The price is also good. For bakmie polos you already got 1 baso goreng and a lot of chicken ğŸ‘ğŸ‘ğŸ‘ â€¦
26,Bakmie Okrib,Jl. Pluto Selatan III No. 76,Ramiya,P,3,Bakmi nya enak.. datang pas mau magrib.. suasana brrangin.. enak makan bakmi.. cuma aga lama aja nyiapin nyaa... recomended sih..
27,,,Tosca Entrepreneur,L,4,"Recommended bgt, rasa nikmat, harga terjangkau, topping macem2, mantap!!!"
28,,,Arumi ,P,5,Tempatnya tuh ga keliatan gitu. Banyak bgt yang ngehalangin biasanya mobil parkir . Pokonya kalo dr salah satu toserba itu. Aga nyempil2 gitu Ada banner warna merah deh tulisannya warna kuning gitu
29,,,Agus Hendra,L,3,Rasa Enak...sesuai ekspektasi. Sajian bersih. Porsi yg lbh dr ckup. Harga yg terjangkau. ğŸ‘Œ â€¦
30,,,Andriana Pratama,L,5,rasa nya enak banget . harga nya juga enak. patut di cobaa aslii . ga akan nyesell poko nyamah
31,Bakmie Jowo Mas Gun,Jl. Kebon Kawung No.44,Umminya Faiz,P,3,"Agak kecewa krn dgn harga nasgor gila 30K tp porsinya aduhai mengsedih. Pun rasanya gak nendang. Begitu juga dengan bakminya yg hambar pisan, udah campur ini itu tetap gak nendang, padahal harganya ajaib 28k. Hiks.."
32,,,Welldone ID,L,4,"Pertama kali ke sini nyobain pangsit oseng rebus. Rasanya enak, saya lebih suka kulit pangsitnya daripada isiannya yang menurut saya rasanya kurang nge-blend dengan bumbu osengnya."
33,,,Melli Yuliana,P,5,Ga perlu jauh2 ke Jakarta nyari pangsit viral... disini juga ada Pangsit Oseng Viral ... ada yang pangsitnya direbus dulu atau pangsit goreng gaiisss.... aq sih lebih suka pamgsit versi gorengnya yaaa
34,,,Bang Boms,L,2,Harga nya tergolong mahal tidak sebanding dengan rasa dan porsi. 
35,,,Dhayan Dirgantara,L,5,"Kesan pertama, biasa aja. Tapi setelah nyobain, wuiiihhj TOP MARKOTOP daahh... Ueeewnnnaaakkk, plus masaknya pake arang cuy...ğŸ‘ğŸ‘ â€¦"
36,Bakmie Tjon Kin,Jl. Cihapit No.18,Natio Jiwa Ksatria,L,5,"Itâ€™s a surprise I havenâ€™t reviewed this store. Bakmie is great, I like the wide one and also the place is looking very fancy. Great for taking photos. Will cost you around 40-60k per person"
37,,,Adira Damai,L,4,"Decent place to eat. For me, the yamin itself is average. But their chili oil is worth mentioning. Don't forget to add it because it will improve the taste significantly. It is not recommended to go there with a car though."
38,,,Meida Atida,P,5,"worth the hype! the noodle has good texture, however loaded with a lot of oils underneath the toppings, and i requested to add more veggies on top, baso goreng was pretty crunch & kuah on beside as neutralize all of them! love it love it 9/10 overall!"
39,,,Fernaldi,L,1,Not recommended in holiday season. I try to dine in but must wait in line for 15 people. We wait until 1 people left within 1.5 hour but we asked to wait again for 30 min because the chicken was run low and being cooked.
40,,,Rifdah Tsabitha,P,5,"ngl i kinda underestimate it at first, but when i tried itâ€¦ i think this is one of the best bakmie ive ever eaten in my life ğŸ˜­ğŸ«¶ğŸ» a must visit if u go to bandung!"
41,Bakmie Alesha,Jl. L. L. R.E. Martadinata No.102,Joe Diablo,L,5,"Enakk, must try!!"
42,,,Claudia Prisella,P,3,"Pertama kali cobain bakmie alesha ini langsung jatuhcintaâ˜ºï¸â¤ï¸â¤ï¸, ini bakmie pilihannya banyak, Pusat kota bandung dan mereka produksi sendiri mulai dari mienyağŸ¤—â¤ï¸â¤ï¸"
43,,,Novia K,P,1,"Pelayanan 0 besar, kasih menu agak dibanting, ngasiin mangkok di meja kasar bgt, di kecap banyak semutnya pas dikasih tau kaya ga terima padahal ngasih taunya pelan2 Ga ada senyum, ga ada blg makasih, ga ada greeting apapun, BAD BGT LAH Rasa makanan juga ga enak, parah mana harganya mahal"
44,,,Uchie Athie,P,5,"Sungguh enak.. Sepi tempat nya.. Nyesel datang hanya buat coba2 aja, padahal enak basonya.. Mienya home made.. Ga di foto euy"
45,,,Gita Asmara,P,3,mie nya lembek... kuahnya tidak ada rasa. yang enak hanya baso goreng nya saja.. semoga ada perbaikan dalam rasa nya ya.
46,Toko Bakmie Feng,Pasar Cihapit,Deosdino Chrisna,P,4,"Fair price, fast service, friendly staff, need improvement in menu variety and consistency of the taste. Hidden gem in Bandung Culinary spot."
47,,,Rizal Kaufen,L,3,A classical peranakan atmosphere with delicious chicken bakmie. They even play some classic chinese pop music. You dont go here for fancy dining. It is for folk dish lovers.
48,,,Untung Jawa,L,5,Nice food friendly price crowded during lunch time but there are queuing system
49,,,Reddy Panggabean,L,4,"Weird wonton, tasteless noodle, wrong combination with fried kailan"
50,,,Ariel Haekal,L,2,Noodles vibesğŸœ
51,Bara Bakmie Nusantara,Jl. Naripan No.30,Devi,P,2,The tasted is So so. Not chewy & big noodle. The vibes is nice and the location is good. noodles need improvement
52,,,Andy Christanto,L,2,The place is so functional but the menu had regular taste.
53,,,Ira Soesanto,P,4,"Tempat yg cocok utk nongkrong anak muda dengan sajian utama bakmi dan nasi, juga dimsum sebagai cemilan. Harga sangat bersahabat, 25 ribu sudah dapat mie/nasi lengkap dengan minum dan cemilan. Mie-nya kenyal dan cukup enak."
54,,,Melina Winardi,P,5,"Makanannya harus dikasi jempol si untuk harga segini, tempatnya luas dan adem jadi betah untuk diam lama disini. Overall puas dan bakal sering balik lagi"
55,,,Fenny Ferdian,P,4,"Mie nya enak banget, lebih enak dr yg lg viral, Dimsum ok. Suasana ok, toilet bersih, tempat nyaman dan lega. Pelayanan ramah dan bersahabat."
56,Bakmie Restorja,Jl. Cijawura Hilir No. 362,Ahmad Alawi,L,5,Mie ayamnya enak dan tempatnya nyaman
57,,,Yusup sutrisno,L,4,Mie nya mantap banget
58,,,Henry,L,3,Blom Nyoba hanya lewat
59,,,Prianida,P,5,Enak
60,,,Aditya P,L,4,Cocok untuk makan bareng keluarga
61,Bakmie Maman,Jl. Cibadak,Heng Dju Ong,L,5,"Good eat, the soup was delicious, clean and has lard in it...the wonton also pork....beef meatball was chewy, perfect for hungry cold nights. The sweet soy sauce they use 'Grape label' was one of the oldest local soy sauce factory locally operating."
62,,,Ronald Gunawan,L,4,Good yamien in Bandung with affordable price. Always ask for more radish in the clear chicken soup. Heart warming food
63,,,Francois,L,3,Tasty food. Friendly staff. An enjoyable experience.
64,,,Dika Hartanta,L,3,Not Bad
65,,,Grace Mambu,P,4,Yummi noodles
66,Bakmie Yo! Singgasana,Jl. Indra prahasta tim No. 1E,Jahya,L,4,"I ordered Yamien manis with baso and pangsit and the coco for dessert. The yamien manis is ok .... but if you are in the sweeter side then you must add a little bit more sweet soy sauce, it perfect combination with their hot sauce. Only the protion is not big enough. The baso is ok and the pangsit filled with srimp. Clean place .... have indoor and outdoor tables."
67,,,Lia Meliana,P,3,"Yummy noodles in singgasana. Many various menus. Not only noodles, they have kwetiaw, dumplings with being cooked special. Must try and come back again. ğŸ‘ğŸ‘ğŸ‘"
68,,,Jennifer Tjoeng,P,3,"i like the kwetiau siram, taste good, bakmi also good but the portion not big enough, clean place."
69,,,Gallant Jeremy,L,5,Amazing Service! Awesome food... definitely come back. ğŸ‘ â€¦
70,,,Billy Lim,L,4,Not bad At All
71,Bakmi Tjun Tjun ,Jl. Cibadak No.147,Benediktus Ricky,L,5,"The noodles are thin and firm with sweet/salty sauce. Combined with the crunchy drokdok and boiled radish in the soup, eating a bowl of this noodle will surely entertain your taste buds. A must try food in cibadak/ sudirman street ğŸ‘ (Non-halal)"
72,,,Jeffey B,L,3,"When you go to Cibadak night street food, one of my two top choices is Mie Tjun Tjun as it has good Yamien (sweet soya sauce noodle) with perfect balance of sweet soya, sweetness and tasty minced meat taste and steaming well-cooked noodle. Go for complete topping with pangsit (wonton), and dorokdok (fried skin cracker). The soup is so good come with tang koei (wintermelon)."
73,,,Pierre M,L,5,"Bandungâ€™s Cibadak street food stalls are known for non-halal delicious food. Bakmi Tjun Tjun is no exception. The best Dorokdok (crispy pork skin) in town! You can choose egg and flour based Bakmie, or the rice-based Bihun or Kwetiau for the noodles."
74,,,Reggie Kurniwan,L,4,The noodle was tasty and its texture was perfect. The pork skin crackers completed the bowl.
75,,,Linda Lu,P,4,The noodle is missing some thing. I dont know what it is. However kust let my stars do the review.
76,Bakmie Aloi,Jl. Kebon Jati No. 179,Mariana Wijayanti,P,5,"Very yummy pork noodle, but the highlight for me for the mix offal soup, so good on a rainy day like tonight. I ordered the complete noodle (half portion) and the offal soup. The noodle has a good bite, the toppings were all nice. The soup is good, porky & I suggest you add lots of pepper for better cold day remedy. The offal are all good, clean, fresh, no funny smell. Price point is acceptable, just right. Several payment options available. I paid with Gopay because there was a cashback. Definitely a must visit when in Bandung"
77,,,Christian Hardy,L,4,"Decent price, decent portion, and tastes good. Last time I tried ""Mie Special (Ayam, Cincang, Cahsiu)"", it tastes good. Services were satisfying. The place was quite big, clean, and comfortable. Recommended place to eat pork noodle with your family or friends."
78,,,Maria Lie,P,4,"For noodle lovers, this is a must try place. The noodles taste good, although a bit pricey but worth it. The noodles are non-halal, and have several variety. The only setback is that it is hard to park the car. But for the food, it's good."
79,,,Dessy Eklesia Natalia,P,5,Non Halal food. Every time I came to Bandung and need Bakmie for booster my mood I always go to here.
80,,,Lowillius Wijoyono,L,4,"A well-known noodle chain, originated in Palembang. The noodle with its chewy ness straight noodle, topped with pork. We ordered the noodles, Fu kien (Fish cake), Ngohyong. It was great, loved the noodles, not too heavily-flavored but not bland. Something you can look forward to in Bandung"
81,Bakmie Karet,Jl. Cibadak No. 293A,Deborah Anita,P,5,"Yummy Noddle lovers definitely have to visit this place. A bit small, but it's clean. The menu is varied, the service is good."
82,,,Oscar Wijaya,L,3,"Best noodle shop in Bandung. Whenever I came to Bandung, this is the must stop location to enjoy bakmie/yamien with my family. The taste is very good, the price is affordable, the place is clean, the staff are polite and hardworker and the portion is quite large."
83,,,F Jeanne,P,4,"Bakmie karet (chewy noodles) has unique texture. Good taste & reasonable price. The ingredients are fresh. Fried garlic, pickles are provided for free on the table. Pangsit goreng (fried dumplings) is recommended. It provides delivery service also."
84,,,Amelia,P,3,"Soo good, restaurant owner also very nice. affordable price and very tasty. its always crowded on weekend. also can ask for halal noodles!"
85,,,Abe Abe,L,4,"Delicious !!! The atmosphere is looks like old restaurant So HOT inside the room. Free Tea , fried onion , pickles The price is standart rate for now."
86,Lomie Bakmie Galaxy Taman Regol ,Jl. Pasirluyu selatan ,Sugiman ,L ,5,"Recomended, enak bangett"
87,,,Purnama Sari,P,4,"Lomienya cukup recomended harga kisaran 20rb rasanya enak kuah kentalnya juara, mungkin untuk tempat supaya d buat lebih nyaman lagi biar pelanggan makin nyaman"
88,,,Maman Aja,L,5,enakkk bangetttt di jamin ketagihan
89,,,Hezmo,P,4,"Buruan coba rasanya mantap, enak ga nyesel .. Suka"
90,,,Ponco ersyad,L,2,Lumayan Enak
91,Bakmie & Lomie Ayam Banteng,Jl. K.H Ahmad Dahlan No.11,Dwi Pambudi,L,3,"Penyajian cepat, yamien manisnya enak. Skrg di sebelahnya ada es oyen"
92,,,Yudhi,L,4,"enak ini yamin sama lomie nya.. harga juga murah.. yang kurang tempatnya kalau siang terang, panas.."
93,,,D Artie,L,4,"Enak, porsi sesuai harga. Layanan cepat. Bolehlah buat ganjel perut dengan modal sederhana"
94,,,Tonny H,L,4,Tmpt nya agak kotor bnyk barang yg disimpen disitu..
95,,,Fransiska L,P,5,Enak top
96,Bakmi Rajim,Jl. Kesatriaan No.2,Yulia Diana,P,3,"if you're looking for late night noodles around Bandung, this serving of noodles is perfect. this place is located near SMA 6 Bandung. if you are lucky you can directly get a seat or just wait a bit. the taste of the noodles is delicious and also the warm meatball soup. I tried the vermicelli menu and it tasted amazing."
97,,,Yansen,L,4,"just trying their Yamien Manis.. Taste good. the shredded chicken's quantity is enough. Halal Food Meatball is a lil bit hard, but tasty broth. Well placed at the sidewalk. 4 stars."
98,,,Ricky Heri,L,5,You must trying Rajim Noodles if you trip to Bandung. This one of more popular street food @ Bandung. Meatballs and Wonton make your tongue dancing ğŸ˜‹ ğŸ². You can choose salt or sweet taste noodles. Located on Pasteur Street near from Grand Gucci Hotel and front Citra Dream Hotel. Come on and feel this noodle. Opened afternoons until midnight. Happy Eating ğŸ˜
99,,,Indri H,P,4,"First timer and it was good the que is very long during lebaran holiday. The taste is good,noodle chewy and affordable price."
100,,,Vannia,P,5,Great taste! Be careful if you order the spicy ones.
101,Kedai Bakmie Ayam 31,Jl. Padasuka No. 31,Muliawan,L,4,Nice chicken noodle. Simply not much spice
102,,,Kania Pangastuti,P,3,"Kedai Bakmie ayam yg berlokasi dekat lampu merah padasuka, tipe bakminya asin, dan rasanya kalem, gak terlalu dominan gurih, aromanya juga tipis. Tingkat kekenyalan dan kematangan mienya pas, sayurannya juga tidak overcooked. Porsi mie dan ayamnya lumayan banyak untuk harga yg belasan ribu."
103,,,Khairunnisa Nur H,P,5,"ENAK BANNGET, yang kesini harus coba pangsit gorengnya wajib, harga murah ,tempat bersih , Baarakallah"
104,,,Ario Papararra,L,4,"Mie nya enak, pangsit nya juga enak, tempat nya bersih, harga cukup, yang punya nya baek. Minusnya parkir mobil minim pisan."
105,,,Indah Kharinusaaayyy,P,3,"Nemu juga mie ayam yg ga manis bgt bumbu ayam nya, mie keriting lembut, enak pangsit rebus,pangsit goreng nya.. porsi pas ğŸ‘"
106,Bakmie Tjeng,Jl. Ambon Seberang,Sherley P,P,3,"Though it looks small in front, it's quite spacey. There's 2 types of noodle, thin and wide. I tried the thin one. Besides noodle, they also serve Hainan rice and side dishes for light bites. I personally didn't like the noodle texture, the chicken was nice though. Owh, there's pet grooming at the back of this noodle shop."
107,,,Sara Robin,P,5,"Good food & place to eat, clean & the service is good ğŸ‘ğŸ‘ the noodle was so good with many varian toppings. But,the parking area too small I think."
108,,,Abdul Halim,L,4,"I ordered bakmie ayam krispy garlic and bakso goreng. The broth has a hint of ginger and quite bland, you could adjust by adding salty soy sauce. It was okay although i believe the portion could be bigger"
109,,,WhatJesseLove,P,2,"Delicious noodle, my favourite Bakmi Hainan. Chicken was tender and well marinated. Worth to try.. ğŸ‘ğŸ»"
110,,,Teddy ,L,4,"Taste : Okay, Good Portions Price : Medium Menu : Lots of variety Ambience : Vintage atmospheric Location : a bit hard to find Parking Space : Small Service : Quick & Friendly Revisit : YES"
111,Bakmie Gang Luna,Jl. Jend. Sudirman No.2,Graciella Valeskar,P,4,"Food just ok, the place is quite narrow but enough for 4-5 people/ table"
112,,,Stefanus Saputra,L,3,"I tried Bakmi Rica (salty) Noodle taste great, rica is okay too. But compare to taste and price I think it a bit overpriced. But still okay ğŸ‘ŒğŸ» â€¦"
113,,,Kurnia Tantra,L,4,Good Yamien Asin Steam dumpling size is quite big and good Baso tahu is so so
114,,,Rasta Rok,L,5,located in a narrow alley but the taste is like a roadside restaurant...highly recommend ğŸ‘ğŸ‘ â€¦
115,,,Adhinata Kurniawan,L,4,Good noodle. Too much flour for fried meat ball and fried dumpling
116,Bakmi Bangka Halal Bang Ed,Jl. Arcamanik Endah No. 62,Andres Fatubun ,L,4,"Rasanya maknyosss, baso goreng dan sambelnya enak. Selain mie, ada juga kwetiaw. Semuanya enak. Harga nggak terlalu mahal, sekitar 30 ribuan. Tempat makan nyaman. Parkir motor dan mobil ada."
117,,,Harits Pratama,L,5,"Pertama kal saya nyobain mie hitam, rasanya enak, cocok sama lidah saya, gurihnya pas, pangsitnya juga tebal, dan pas nanya disini ternyata homemade semua, good job"
118,,,Garapi Kopi,L,4,"Harganya ga mahal tapi rasanya enak banget, dan porsinya pas"
119,,,Rizki Inzhagi,L,4,Gila sih mie hitam nya juara
120,,,Saliwat Kopi,P,5,Terbaik mie dan pangsitnya
121,Bakmie Komplit & Nasi tim ayam ,Jl. Taman Cibaduyut Indah No.A5,Hendrra W,L,2,Good job for food
122,,,Fery Abdul,L ,5,Mantap
123,,,Cepi Mardani,L,3,Harga lumayan rasa enak
124,,,Arsun Project,L,5,Bakmie nya enak dan harga terjangkau
125,,,Zani Fuzi,P,1,Lumayan Enak
126,Bakmie Bendjo,Jl. Pandu No.15,Yuliuis Triesha,P,5,Mantaaaabbbb
127,,,Berry Riam,L,3,"Ga pernah nemuin bakmi yg kyk gini di bdg. Tekstur mie nya manthab, rasanya gurih nikmat tanpa micin, toping dagingnya beh wenak bet dah apalagi bakso gorengnya da bes. Wis langganan dr awal buka, ga prnh bosen mknnya. Bikin ngangenin"
128,,,The Employer,P,4,"Bakmie, Bihun ,Kwetiaunya mantap, Bakmienya keriting bgt loh...unik harus coba baso goreng, pangsit gorengnya. Pangsit kuahnya , isi dagingnya banyak dan gurih ! dan Halal ! Minuman2nya unik rasanya, snow white, mango delight, artic tonic wajib coba.Jangan lupa signature coffeenya! Jangan lewatin promo2nya, apalagi size mangkoknya jumbo! tempatnya bersih dan nyaman juga ya, disiapin handsanitiser jg Ownernya ramah ,friendly ! A small cozy corner! a hidden gem! in the midst of bustling city of Bandung"
129,,,Nero Cahya,P,5,"Pecinta mie B2, anak medan yang kangen mie B2, di kota Bandung ini the best number one so far. Tekstur mie, kaldu B2, dan toppingnya nendwang!!!"
130,,,Yudi Yoga,L,3,"Buat pecinta bakmi klo blom coba bakmi bendjo blom sah ğŸ¤£ rasa bakmi nya kenyal nya pas,toping daging nya melimpah,baso goreng nya juara... pokoknya bikin ketagihan terus...."
131,Bakmie Dan Lomie Qurnia Alief,Jl. Turnojoyo,Once Garage,L,5,Yummy ğŸ¤¤
132,,,Yolanda Charmenia,P,4,"yaminnya termasuk yg enaaakkk! manisnya ga berlebihan dan ga bikin eneg, tekstur mienya pas bgt ga lodoh dan pake jenis mie kecil layaknya mie yamin khas bandung. meskipun di pinggir jalan, tapi bersih banget loh. bapaknya juga terlihat ramah. ini bakal jadi pilihanku kalo suatu saat pengen makan yamin lagi âœ¨ï¸"
133,,,Maudy Dwi,P,5,"Bakmi yang paling cocok dilidah. Yamin manis juaraa, dan yang pasti pangsitnya paling juara sih. Ga kosong tapi juga ga terlalu padet. Kulitnya kenyelnya pas, kuahnya gurih banget. Pilihan pertama kalau lagi ingin makan bakmiğŸ”¥"
134,,,Dwi Rasya,P,3,"Selama kerja di trunojoyo, hampir setiap hari makan ini, sayang nya skrg udh ga d bdg tbtb kangen aja sm lomie ini"
135,,,Frida Nw,P,3,"lomie nya enaak,cuman sambelnya kurang pedes jadi harus pake banyak buat aku yang suka pedes. tempatnya dipinggir jalan.kalo kesana waktu makan siang harus ngantri tempat duduk soalnya banyak yang beli jam segitu mah"
136,Bakmie Pollo,Jl. Jend. Sudirman No.247,Yulien,L,4,Tempatnya strategis dan bersih. Harganya cukup terjangkau. Rasa makanannya perlu ditingkatkan kembali karena masih agak keasinan menurutku (yamien asin) dan berminyak. Pemiliknya ramah dan mau mendengarkan saran dan masukan.
137,,,Fei Wang,L,4,"Tempat strategis di pusat kota,, makanannya enak ,,byk macamnya dr yg ringan sampai yg berat"
138,,,Marco P,L,3,"No matter what you choose from the menu, everything is delicious and freshly prepared. The chicken was especially delicious! Owners speak good English and bubble tea is also available. Highly recommended! Near the big shopping mall"
139,,,Wrap Go,P,3,"enak, puas, higenis, ramah"
140,,,Bernard P,P,4,"2 kali datang kesini di hari Minggu, sekitar jam 9-10 pagi. Kondisi ga terlalu ramai. Buat tempat sendiri oke, tertata rapi sama bersih jg. Letaknya persis di sisi jalan sudirman, jadi gampang dicari. Buat makanan, udah coba 2 menu yg beda. Pertama coba yamien manis pake baso 2, rasa enak & porsi pas. Waktu penyajiannya lumayan cepet. Kedua kali pesen nasgor spesial yg isinya ada telur, sosis sapi bratwurst, potongan ayam sama kerupuk. Rasa oke, engga terlalu asin & manis nya sesuai. Buat minumnya baru coba javanese tea. Kisaran harga menu sekitar 25 rb sampai 50 rb. Overall makan di sini puas. Bakal sering datang lg kesini."
141,Bakmie Jawa Mas Paijo,Jl. Cisaranten Baru No.66,HY Sam Afghani,L,3,"good food good price good time, endog bebek recommended"
142,,,Jordy Satria,L,4,Traditional recipe.... very tasty
143,,,Agustein Oktavia,P,2,Delicious
144,,,Ibrahim,L ,4,Rasanya khas dan otentik sekali. Pokoknya gak nemu rasa kayak gini di tempat lain. Pelayanannya juga ramah dan cepet. Bisa pesen lewat WA dan ojek online juga. Semoga tambah sukses yaa.
145,,,Bonny Mega,L,3,"Wuenak ini, serius! Baru berkesempatan kali ini nyicip. Next, harus pesan bakmi gorengnya 3 porsi nih, 1 kurang hahaha... Down side nya, yg beroda4 susah parkirnya."
146,Bakmie Ayam Kribo,Jl. Kopo Permai ,Sean Ptrick,L,5,"Such an innovative taste of noodle. So juicy, delicious, and tasty! Affordable price as well. Available in Go and Grab Food!"
147,,,Ineke Iriawati,P,4,"Mie ayam yang enak dan murah... Ini bukan mie ayam yang abang"" Ini mie ayam chinese food Toping ayam nya banyak& enak bangeet.... Daging ayam cincang yang dimasak dengan resep keluarga Beda lah sama yg lain...enak banget...murah lagi cmn 12.500 Cocok bwt sarapan, ato nyemil sore hari Kamu harus coba..."
148,,,Lily,P,3,"Enak,adonan bakmi nya bikin sendiri,cabenya pedes enak lah pokoknya"
149,,,Alex IMC,L,3,"Mantaf pkkonya,sebari mijat makan bakmi wenak pokonya"
150,,,Sony Alghifari,L,4,Rasa bintang 5 & pelayanan sangaattt ramah
151,Bakmie Royal,Jl. Suryani Dalam No.17,Lulu Lulu,P,5,Sorry i took only the empty bowl.we ate 3 person with 5 dishes.yummie noddle and wonton.the place just ordinary but the taste exellent.better than *AR*PAN
152,,,Victor Sitorus,L,4,I think this is the most delicious noodles in the town.
153,,,Milton V,P,4,"Homemade pork noodle..one of the best in town. Lot of toping, sweet pork mince, salty chicken. Or spicy pork mince..good food average price from 25k-36k."
154,,,Bernadette P,P,4,"A small noodle shop in Jl. Nana Rohana, very close to YDSP Mortuary. For us, in addition to their delicious noodles, the highlight is the ""es campur"". Unlike the common es campur today, it uses ""frambozen"" syrup, which brings up our childhood memory ğŸ™‚ğŸ™‚ â€¦"
155,,,Junny O,P,3,"Homemade noodle. Wheat noodle, rice noodle & vermicelli with pork or chicken topping ,extra baso or wonton as requested. Average price and portion. Taste great."
156,Bakmie Tjap Ayam,Jl. Angandara No.7,Niko,P,3,"Noodle and pangsit are so good, can't wait to eat there again ğŸ˜ƒğŸ˜ƒ"
157,,,Andre Kusprianto,L,3,Chinese-style noodle shop in a converted home garage. A must-try for the fried meatball! It's a food hunting game...
158,,,Kaman Tjahjadi,L,4,"Nice noodles or bakmi, nicr coffee, cozy places, free wifi"
159,,,Sheila A,P,4,"Easily found the place with gmaps, not too far from a well-known bed & breakfast in the area. Misua kuah tastes really great; not too soggy yet still chewy, best served hot. Bakso goreng is a mandatory to try! You can always rely on a noodle place that sell bakso goreng. This humble shop lets u unwind in a very serene area, though itâ€™s close at 6pm."
160,,,Willie OM,L,5,"Mie is ok, pangsit is superb. ğŸ‘ğŸ‘Œ â€¦"
161,Gentha Bakmie Medan,Jl. Senam VI No.2,Kemanamanamakan,L,3,"Love their panggang menu. One of the best Babi panggang karo in Bandung. Went here after a long time, and they still serve the same. You can order many other menu such as bihun goreng, kwetiau, ikan mas, saksang and many more. The place is quite hidden because no signage upfront, but the place gets busy at lunch hour. Definetely comeback to try another menu. ğŸ¥°"
162,,,Sardo Rismando,L,4,"Non halal restaurant, delicious n cheap. But very hard to park, also dusty n dirty..."
163,,,Cika Adelwein,P,4,Good
164,,,Chris P,L,5,Good food good price good portion
165,,,David stanley,L,3,the taste wasn't as good as before
166,Bakmie Syukur,Jl. Abdurahman Saleh No.34,Ayu P,P,5,"All of the food here is so yummy and affordable. You can get noodle (yamien&lomie), rice with chicken yakiniku or chicken katsu, also nasi tim and dimsum. Worth to try"
167,,,Reza Fauzi,L,3,"Hari Minggu yang syahdu, udah lama ga ke bakmie syukur ini Disambut dengan koko yang ramah, harga bakmie rica yg affordable seporsi besar cuma 20rb, bisa pesan setengah juga kokk, dan pangsit rebus 5 buah cuma 10rb ğŸ˜ğŸ˜ğŸ˜ sangat disarankan buat yg senang hunting bakmie di Bandung"
168,,,Buitenzorg Marini,P,4,"Rasa bakmi lumayan, sayang tunggunya agak lama, karena yang buat mie, cuci piring dan terima bayaran hanya engkonya sendirian. Dan menu mie ayam merah juga dudah tidak ada."
169,,,Kyan,L,4,"Mie Yamin pangsitnya enak, bahan-bahan nya fresh."
170,,,Fathan R,L,5,"Porsi jumbonya beneran jumbo, baksonya enak, rasa kuah lebih ke arah manis (slightly noticed) overall enak"
171,Mie Akong,Jl. Pungkur No.58,Lei,P,5,Probably the best noodle in the city. They've been making noodles for more than 2 decades. Still the best for me. Last I went there the price is around 50 K for a bowl including the soup. You can feel the richness coming from the pork fat. Should one of you is a noodle addict. Definitely try this one. 
172,,,Tactical Note,P,1,"This noodle eating house serve non halal dishes, old style taste, very nice, price expensive, the place not so clean"
173,,,Edwin Petrus,L,5,The noodle tasted very well with combination of a portion of soup (you may choose either dumpling or pork internal organs). You may choose also salty or sweet tasted of noodle. They also serve cooked Chinese food menus. This noodle house has opened for such a long time. Pricing is quite moderate. Parking is at the roadside. Payment can only be made by cash. You may also order by online food delivery apps
174,,,Dewi Subagyo,P,4,"One of traditional Chinese restaurant in Bandung. The atmosphere is so.. traditional. So ""indonesian-chinese"", ehehehehe.. What I like most? The yamien (noodle) and pangsit (dumplings). Beautiful! They also offered meatballs and offals. The price is quite expensive I think, noodle about 30s K rupiahs (exclude dumplings). Parking lots are limited, especially for cars."
175,,,Yohanes Luka,L,3,Classic chinese noodle with pork. With a Bangka Island style. My favorite place to eat noodle with babat (cow tripe). This place is a legend ! Nice ğŸ‘ğŸ‘ â€¦
176,Bakmie Aloi Kopo,Jl. Taman Kopo indah ,Tri Atmaja,P,3,Good price with good food
177,,,Vien Stevia,P,4,"If you like pork noodles, then you should try Bakmie Aloi, fair place, good taste abd clean place."
178,,,Kristian Setiadi,L,4,Nice noodle texture... They give plenty of meat... Quite pricy though... The fukien was so tough... Hard to chew...
179,,,Theresia Rosiati,P,2,Noodles is nice but too much meat.
180,,,F.S Lando,L,5,"Generous portion, tasty food."
181,Bakmie Jowo Anglo,Jl. Babakan Ciparay,Vhei Fadhilah,P,4,"Kwetiaw Spesial 4,7/5 Rp. 25.000/porsi Jalan malem ke kota dan cuaca sedang hujan, enaknya makan nasgor atau kwetiaw yah~ Tempatnya ini sebrang PLN dan satu area sama seafood 68 tempat makan seafood langganan juga, tapi belum pernah aku ripiyuw disini hehe~ Aku pesen kwetiaw soalnya terakhir makan ini ada mungkin ya setengah tahun yang lalu? Lama amat ğŸ˜‚ Disini tuh masaknya pake areng, yang pasti ada wangi khas gitu ke masakannya. Kwetiawnya porsinya cukup aja, sayurannya melimpah dan bumbunya enak banget. Cobain deh kalo lewat kesini ğŸ˜† *harga sudah termasuk ppn"
182,,,Ericko Tandayu,L,5,The fried rice is DELICIOUS! Bakmi Jowo is normal. It's open at 5 o'clock in the evening.. you have to wear a jacket so you don't get cold.
183,,,Nanna Heri,P,3,"Mantap rasanya ... Harga gak nguras dompet... Tersedia pilihan mie, kwetiauw goreng atau rebus..."
184,,,Widya Annisa,P,3,"Ngantri lumayan lama tapi rasa B aja, harga agak overprice untuk nasgor biasa 17k.. lebih enak & terjangkau nasi goreng surabaya deket Alfamart Holis, sama-sama pake anglo.."
185,,,Alex Nukaseptea,L,3,Mie Jowo masak pakai anglo
186,Bakmie 16,Jl. Taman Kopo Indah No.78,Sean Patrrick,L,5,What a delicious Noodle shop in and around Kopo area! I just forgot to take the picture whilst it opens. Affordable price and friendly service. Recommended!
187,,,Gelton,L,1,So slow
188,,,Chiefregi Gunawan,L,5,"Yummy, that's all.. with friendly aunty and nice yamien ğŸ˜ â€¦"
189,,,Frans de Baker,L,3,Good cheap food in clean place. Stay this way.
190,,,Evi Amelia,P,4,EnakÄ·kk... my fav noodle ğŸ‘ğŸ‘ğŸ‘ğŸ‘ğŸ‘ğŸ‘ğŸ‘ â€¦
191,Bakmie Afang,Jl. Pasir kaliki No.71B,Stephen Chandra,L,5,"The fall to place for a decent bowl of Bakmi ayam! Go for the mie lebar( wide noodles) and have them cooked extra hard( kurang dari setengah matang) and dont forget to accompany your sumptuous bowl of noodles with a side order of their Yam Pangsit( DO order the 10 piece order not the 5 as you definitely wont have enough of it! Comes with a choice of salty or sweet, both are equally good but the sweet version is unique, best of all, why not order both versions?) Centrally located ( not too far from the main train station of Bandung) and easy to spot on the left side of the street heading towards Istana Plaza, you wont miss it!"
192,,,Suria Nata,L,4,"First time here but we love the noodles. We enjoyed the fried meatballs, wontons, meatballs to go with the thin noodles. Delicious. Easy to get there as itâ€™s on the way to the toll-road to Jakarta."
193,,,M,P,3,"Clean and cozy place, delicious noodles, affordable price. Though the place is quite small for groups and a bit noisy cause its located on busy road. I think its home made noodles since it taste quite different from some noodles i've been eating. They accept various payment methods such as ovo and gopay which is a plus."
194,,,Heng Dju Ong,L,4,"Small thin noodles, pretty standard, place is clean, service is quick almost faster than western fast food even."
195,,,Glen Main-Main,L,5,"This is one of a good place (clean and cozy restaurant) that serves noodle. The location of this place is strategic (adjacent to Bandung Railway Station and Istana Plaza), but the place is a little bit small, so you must pay attention when you want to go to this place. The noodle is delicious, and I think this is one of best noodle in Bandung. There are no vegetables served in this place, except leeks."
196,Bakmie Melong,Jl. Melong Raya No.108,Phoenix Invasion,L,3,Tolong proses penyajiannya di percepat.
197,,,Atty Ginawiati,P,3,Bakmie melong mantap
198,,,Meeko Michi,P,4,"Mie nyaa enak,, pelayanan nyaa bagus cuma agak lama.. Mungkin masih belajar kalii yaa?? ğŸ˜Š"
199,,,Chandra Arya,L,5,Cukup enak untuk harganya yang sangat murah.
200,,,Ferri Heriyandi,L,3,Murah dan enak
201,Bakmie GM,Jl. Gatot subroto No.289,Dr. N,L,2,"Dissatisfied as I had such a good impression of this restaurant in the past. It used to be a very tasty, delicious, mouth watering experience whenever I visited the restaurant chains. They used to serve salt, salty ketchup, pepper, chilli, in every table to cater to people who like tasty and spicy food. ... Not anymore! ... You just have to follow their taste: Singaporean taste with no salt, no sugar, no spice. ... I would think twice before entering this restaurant again."
202,,,CH,L,2,not a good taste.
203,,,Teddy ,L,2,Bad dish
204,,,Aura,P,1,Not good service
205,,,Deya,P,2,Ok
206,Bakmie Kerajaan Raos,Jl. Lengkong Besar No.65,Mudhito,L,1,very unfriedly server - lot different from the great taste that I used to enjoy so many years ago at Jl. Kejaksaan - very low quality of take away dish
207,,,Bagong MG,L,2,Menu Halal
208,,,Dhani S,L,2,"Beda dengan bakmi rica kejaksaan yaa guys... Bakmie nya biasa aj, tp baso ma pangsitnya sih enak..harga relatif mahal"
209,,,Ade Suhendra,L,2,"Untuk rasa mie nya tergolong biasa aja cendrung kurang enak Paling enak baso sama pangsit nya Trus untuk harga, duh mahal banget, makan berdua aja untuk menu mie yamin pangsit sama mie ayam baso pangsit abis 120rb Klo ga kepaksa banget mungkin ga makan disitu"
210,,,Anida Kristi,L,2,"Lokasinya strategis, pelayanannya ramah. Mie nya relatif biasa aja."
211,Bakmie jogja metro,Jl. Sekejati,Vignette,P,1,"SLOW SERVICES, STUPID FLAVORS, FLITHY PLACES,"
212,,,safira,P,2,Slow service banget
213,,,Ellena D,P,2,B aja bakmie nya
214,,,Muhammad Chandra,L,2,bakmie makanan favorit tp ini biasa aja
215,,,Boun Mega,L,1,Slow respon sekali
216,Bakmie rajim rica rica,Jl. Kesatriaan No.2,ivan ,L,1,"Satu mangkuk bakso yamin nya 45 ribu dengan rasa yg biasa aja, agak mahal sih untuk ukuran bakso pinggir jalan. Lokasi dekat sman 6 bdg."
217,,,Bharaditya,L,1,Mahal 40rb rasa standar porsi kecil bakso cmn dpt 4. es jeruk juga mahal satu nya 15rb
218,,,Redi ilham,L,1,"Harga 40000, ga tau gara2 lebaran naik... Rasa ok tapi kemahalan.. tempat kurang memadai buat dine in"
219,,,Ve Ve,P,1,Baso Babat 1 baso babat pangsit 1 es jeruk 2 95 ribu.. gileeeeee. kemahalan banget harganya utk pinggiran jalan beginian + rasa Biasa aja. kacauuuuuuuu. porsi pun SEDIKIT. kuliner paling mengecewakan di bandung ckckckc
220,,,Evi V,P,1,"Kecewa sih pertama kali kesini.. Pesen yamin baso.. Terus yg dateng basonya satu mangkok cekernya satu mangkol untuk 2 porsi org bilang basonya abis gantinya ceker 1 mangkok, bilangnya mau apa enggak kalo gk polosan aja.. Yaudah dengan terpaksa iyain aja dan yg di sebelah baru dateng di kasih yamin dan ada basonya... Itu di foto baso di bagi 2 ceker di bagi 2 sendiri... Kecewa sih... Basonya kek baso pasar... Mending beli di monumen yamin baso dapet pangsit dapet dorokdok rasanya sama dan harganya gak sampe 20rb dan sama"" tempatnya di trotoar... Nilai : Rasa : biasa aja Tempat : biasa aja Pelayanan : biasa aja Harga : terlalu mahal 30rb per porsi padahal liat postingan lain harga segitu udah ada yg dapet pangsit sama babay GAK WORTH IT !!!!!"
221,Bakmie jogja Bengawan,Jl. Taman pramuka no.183,Soleh Hakeem,P,1,"Pelayanannya jelek sekarang, porsi makannya juga sedikit. Pisang goreng harganya 8 rbu tp kecil banget, udh gtu pisang goreng di suruh bayar dly baru bisa makan. Kaya ga percaya aja sama tamunya. Sedangkan mie sm nasi grg aja bisa makan dlu. Udh gtu pisang gorengnya di ambil sendiri ,ga bsa di anterin. Padahal seragamnya sama aja sm yg masak dan layanin mie."
222,,,Nadia PA,P,1,"lamaaaaa bgttt! pelayanannya pun lelet, dan ga ramah sama sekali. buat buka puasa, nunggu air minumnya aja 30mnt!! makanannya lbh lama lagi. rasanya juga standar bgt dan porsinya sangat sedikit. sorry not sorry kapok ğŸ™‚ğŸ™ƒ"
223,,,Dedy P,L,1,"Lama nunggunya...padahal ga terlalu ramai yg datang. Masaknya juga gaya jawa...alon2 , andhap asor, jadi srang sreng srang srengnya logat jawa...."
224,,,Muhammad Nur,L,1,"Mushola tidak boleh dipakai, padahal covid udah mereda...untuk tenpat makan yg playanannya cukup lama seperti ini mushola wajib ada.."
225,,,Budhy Erlanggga,L,1,"Waduh, nyiapin makanannya lama bgt. Udah 30 menit nunggu begitu ditanya masih lama katanya... jadinya sama konsumen lain yg dateng belakangan bareng makannya. Pelayannya juga beberapa kurang ramah."
226,Bakmie Rudal,Jl. Buahbatu,Filip,L,2,"PELAYANAN TIDAK BECUS, DAN PEGAWE TIDAK PROFESIONAL PESEN MAKAN SETENGAH JAM TIDAK DATANG, UDAH BILANG KE PEGAWE 5X HANYA BILANG ""MASIH ANTRI"" LALU PERGI GITU AJA TIDAK DICEK SAMSEK."
227,,,antonio P,L,2,Pelayanan SANGAT LAMA. Pesen mie nyemek keluarnya setengah jam lebih. Rasa biasa saja. Kalo yang kelaperan dan pengen makan bakmi jawa SANGAT NOT RECOMENDED
228,,,Sandi arsya,L,2,"Barusan saya belanja pake aplikasi gojek goshop beli tunai resto di jantur,hampir 1 jam, sedangkan yang pake gojek gofood 10 menit,sudah pada keluar,apa bedanya goshop sama gofood ,tolong kasih tau ke pegawainya..gofood sama goshop sama2 aplikasi gojek,cuma beda pembayaran."
229,,,Asep Maulana,L,1,Rudet pegawe nya gede hulu. Lama penyajian untuk bungkusnya. Coba di pisah bungkus dan makan di tempat. Yg makan kan bebas di kasih lama juga. klo yg bungkus ngejar waktu bos.
230,,,Alfath Hidayah,L,2,Mie goreng nya gak ada rasanya.kurang garam.ambar ajah.ati ampela nya juga gk ada rasa.hanya goreng pisang yg manis.enakan makan indomie goreng.gk bakal balk lgiğŸ˜ğŸ˜
231,Bakmie Anom,Jl. Babakan ciamies,rastra avo,L,2,"Josslah pokoke, cuma kurangnya vital mas, musholla nya wajib dibuka, tapi yang mau ikutan solat harus bawa alat solat sendiri, insya Allah makin berkah, amin..."
232,,,Immanuel de frets,L,1,"Kecewa dg rasanya,mienya bukan mie jogja yg bentuknya besar,tp ini spt bentuk mie instant..rasa kuahnya hambar,ayamnyapun sedikit lbh banyak sayuran kolnya..dan sptnya ayamnya bukan ayam kampung. Semoga ada perbaikan.."
233,,,jojo van surya,L,2,"Kami selaku driver online menyayangkan pelayanannya, harus menunggu satu setengah jam, kami juga konsumen pake uang sama dengan tamu yg dtg, sampe 2-3 tamu yg baru dtg, sampai mereka pulang kami driver belum dilayani. Mohon pelayanannya diperbaiki!!!!!!!!!!"
234,,,N. Lightyear,L,2,Pesanan aja salah - salah masukin ke kantong. Masa sih gak bisa bikin manajemen orderan biar cepat sigap and benar ? Lama ini nungguin orderan beres.
235,,,yayan sopian,L,1,"Saya driver gojek,klu ngantri lama maklum.tapi klu dah ngantri sampe satu jam begitu makanan dikasiin dah dalam keadaan cuma hangat rasanya gimana gt.seharusnya kan panas"
236,Bakmie gang monyet,paskal hyper square,soleh kurniawan,L,2,"Pesan 6 yg datang 3 trus nunggu nya lama nyampe 30 menit padahal lagi kosong pelanggannya akhirnya yg 3 di bungkus pas di cek cuma 2, tolong perbaiki layanannya"
237,,,dimas pamungkas,L,1,Pelayanan untuk beberapa menu luar biasa lama. Setidaknya bilamg dari awal kondisinya.
238,,,andri grab,L,1,"Saya merasa d rugikan,udh nunggu hampir 1 jam prodak ad yg ketinggalan,ini udh super seharus prodak udh Redi semua,"
239,,,Dwi saraswati,P,2,Waduh lama baaannget nunggunya hampir 1 jam.. Yang udah lapar kesana jangan coba2 deh.. Menurut saya Gak profesional banget.. ğŸ˜­ğŸ˜­
240,,,rima sitepu,P,1,Saya pesan bakmi nyemek 30 menit ga dateng2 akhirnya saya batalin kesel nunggunya lama pelayannya pun masa bodo krn memang laris
241,Bakmie iming kurdi,Jl. KH. Kurdi,elfi fianita,P,1,"tidak menjaga kualitas rasa. dulu pernah enak, skr menurun sekali. porsi jadi kecil, rasa hambar"
242,,,Nana mulyana,L,2,"Lama nyiapin makanan nya bisa sampe 1 jam, tidak di rekomendasikan,"
243,,,Die joy,L,1,"Terlalu lama menunggu,tolong diprioritaskan online kasian bapak driver ojol nya"
244,,,Jimmy derico,L,1,"Lama banget,udah tau rame,yg masaka nya cuma seorang"
245,,,I nyoman P,L,1,"Pesen makanan, 30 menit baru keluar... Padahal yg pesen belakangan Sudan selesai makan."
246,bakmie jowo mas dodo,Jl. Taman holis indah,dani hamdani,L,1,Pesen pisang goreng 3 lama sampai nunggunya 45menit
247,,,rully rinaldi,L,2,5x datang dari jaman masih di jalan bengawan sampai sekarang pesanan gak pernah datang..parah!
248,,,Lin lin ,P,1,"Rasanya mie godog gag jelas,pelayanan nya lama"
249,,,zara nadia,P,1,Pelayana ya buruk jelek....1 jam setengah harus menunggu lama lelet
250,,,ahmad rohman,L,2,"Lama pelayananya. nunggu hampir sejam,,ğŸ˜¡ğŸ˜¡ğŸ˜¡ğŸ˜¡"
251,Bakmie 16,Jl. Kopo indah,adi nitra,L,1,porsinya sedikit
252,,,yudi mulyadi,L,2,Buruk sekali pelayanan nya!!!!
253,,,butonk is back,L,1,Karyawan nya gk bgt
254,,,selli,P,2,Bakmi godog dan nasi gorengnya enak
255,,,hendrik aza,L,1,Lama penyajian nya
256,Bakmie Cihapiut,jl. Cihapitt,riki alwi,L,1,biasa aja
257,,,dikdik setiawan,L,1,Lama penyajiannya....
258,,,arfi imran,L,1,perlu peningkatan kualitas servis.
259,,,yoyon,P,3,Lamah pelayananya
260,,,hen hen,P,2,Pelayanan ny lama
261,bakmie gang nur,Jl. Gumuruh,indra ramadan,L,1,Jelek pelayanan nya lama banget
262,,,farhanisa,P,1,Lama banget.
263,,,Ferry,L,2,it's all about taste. this one is not my fave
264,,,elis c,P,2,"Menunggu lama, pesanan salah, rasa makanan biasa aj, tidak bikin kangen"
265,,,lucky indo,L,2,"mahal, rasa standar"
266,Bakmie Garut,Jl. Kayuagung,dinar nalura,P,1,biasa aja harga mahal
267,,,randy arianto,L,1,"MAHAL BANGET, PELAYANAN LAMA"
268,,,Mycool,L,2,Tempatnya agak panas...makanannya sih enak cuman porsinya sedikit dan harganya agak mahal kalo buat kantong saya sekarang...gatau kalo buat kantong orang lain..hehehe
269,,,Devy L,P,2,Untuk rasa lumayan enak tapi harganya sedikit lebih tinggi dari harga rata2 bakmie di daerah kopo
270,,,black poison,L,2,"Rasa bakmie lumayan enak, cm merica nya terlalu bnyk."
271,Bakmie merah sulanjana,jl. Sulanjana,liana dewi,P,3,"Tadi pesan rica manis pangsit, rica manis bakso, mie bakso kuah, mie yamien manis pangsit, mie yamien asin bakso. Tapi yang mie rica terlalu asin sekali."
272,,,ahmad muharam,L,2,"Harga di goshop (gojek) tidak sesuai belum di perbarui nunggu nya juga lama, kasian driver nya"
273,,,jesslyn,P,3,"tempat bersih tapi sempit , pelayanan nya jg agak lama , walau lg ga penuh2 banget tp bisa nunggu 15 menitan utk makanannya"
274,,,bak jia tan,L,2,I'm staying
275,,,theresia siani,P ,3,"Biasa aja, cuma kangen aja setlh 10th lebih ga makan kesini ğŸ˜"
276,Bakmie Aseu,Jl. Kepatihan,arfi imran,L,2,For me to expensive and nothing special
277,,,muhammad mansur,P,1,Lamaaaaaaaaaaaaaaa bgt..maleus
278,,,Regina sa,P,1,"Rasanya biasa aja. Kuah dan mie nya cenderung hambar dan ga ada aroma enak bakmi, topping ayamnya sedikit. Ceker ayamnya kecil sekali. Untuk rasa yang biasa aja dan harga yg termasuk mahal, ini kurang worth it."
279,,,dj wwn,L,3,"Seporsi 35rb , enak ...... , tapi ""memang harus enak"" karena harganya di atas rata2 di Bandung. ( klo gak enak mah kebangetan."
280,,,jemmy wahyudi,L,3,"Rasa bintang 5, hrg relatif, pelayanan cepat dan ramah, porsi lumayan bikin kenyang, sayang tempatnya digang kurang nyaman banyak motor bolak balik"
281,Mie OO,Jl. Cibadak,inran,P,1,g tau belum pernah dapat orderan food d tempat ini
282,,,smart frienf,L,1,Nunggu lama
283,,,andri fahreza,L,2,Tempatnya kurang bagus
284,,,david wahyu,P,2,B aja bakmie nya
285,,,rhesa januar,P,2,standar
286,bakmie janur,jl. Melongg,slayer noobs,L,2,makanannya biasa aja
287,,,Phoenix Invasion,L,1,Tolong proses penyajiannya di percepat.
288,,,jajang,L,2,"lokasi yang sangat menyenangkan, kemudahan akses dan ramah, spesifik layanan per unit..sedikit korektif, mungkin karena kapasitas yang berbeda terhadap kebijakan masing masing."
289,,,raisha BCA,P,1,Maaf mau kasih kritik dan saran untuk pembayarannya tambahin untuk yang cashless jadi jgn cash aja. Teknologi skrng sudh maju. Uang saya kurang jadi harus titip handphone dl untuk ambil uang. Ribet bgt Maaf saya kasih rating 1 di google terima kasih.
290,,,theresia rosiati,P,1,Noodles is nice but too much meat.
291,bakmie imingg,jl. Kopo indah 12,viona,P,1,"Rasa sih masih enak, tapi porsi dagingnya jadi sedikit banget, makin kesini makin sedikit, tidak sebanding dengan porsi mie nya, apagi dengan harganya yang mahal."
292,,,soei wi ,P,2,Pelayanan sangat kurang memuaskan air minumpun tidak tersaji suara musikpun berdentum sangat keras
293,,,irwan tile,L,2,Biasa aja skrg Gak seenak pertama buka
294,,,vivid,P,2,Mie nya enak tapi sayang lokasi di Taman Kopo Indah sudah tutup tidak lagi beroperasi.
295,,,gb jkt,P,1,Tiada tempat parkir mobil yg luas
296,bakmie jogloe,jl. Tubagus ismail,dama wanto,L,1,pelayanan nya lama banget
297,,,Misno,P,2,B aja banget
298,,,yudi setiawan,L,1,gak enak
299,,,syarif hidayat,L,2,Bad dish
300,,,jerry hobbies,L,1,gak enak lagi kayak dulu
